"","age","pid","educ_coarse","open_immig_1","open_immig_2","open_immig_3","open_ref_1","open_ref_2","open_ref_3","treatment","republican"
"1",46,"Independent","HS",NA,NA,NA,"Hostage","Held","Prisoner","refugee",0
"2",20,"Independent","HS","People or group looking for better opportunities","People escaping their home country to feel safe","Somebody who wants a better life",NA,NA,NA,"immigrant",0
"3",58,"Independent","Some College/Trade",NA,NA,NA,"Someone seeking a better life","Mire problems for tax payers","Nothing","refugee",0
"4",65,"Democrat","Some College/Trade",NA,NA,NA,"person fleeing their country for a new country","a person wanting to belong to a different country","a person withouit a country","refugee",0
"5",52,"Independent","Some College/Trade","Illegal","Poor","Nothing",NA,NA,NA,"immigrant",0
"6",67,"Independent","Some College/Trade",NA,NA,NA,"Migrant","Illegal","Poot","refugee",0
"7",27,"Democrat","Some College/Trade","someone looking for better opportunities","someone not from here","someone who either wasn't happy with or can't go back to their home country",NA,NA,NA,"immigrant",0
"8",40,"Democrat","Undergrad",NA,NA,NA,"Someone from a different country escaping from their country","Freedom","Justice","refugee",0
"9",35,"Independent","HS",NA,NA,NA,"Survivor","Help","Jothing","refugee",0
"10",44,"Republican","Some College/Trade",NA,NA,NA,"Immigration","Illegal immigrants","Border security","refugee",1
"11",52,"Republican","Undergrad",NA,NA,NA,"War","Aid","Uprooted","refugee",1
"12",43,"Democrat","Some College/Trade",NA,NA,NA,"Sympathy and understanding","Persecution","Need to help","refugee",0
"13",70,"Democrat","Some College/Trade",NA,NA,NA,"foriegn","asylum","person","refugee",0
"14",55,"Republican","Some College/Trade",NA,NA,NA,"trashy","free","undesirable","refugee",1
"15",40,"Independent","Some College/Trade",NA,NA,NA,"Problem","Cost","Free ride","refugee",0
"16",64,"Republican","HS",NA,NA,NA,"Trouble for texas.  We have run out of room for any of the people coming in over the border,  refugee or not","Expecting the u.s. to take care of them no matter what.","They need to learn to speak english if they are going to stay in our country","refugee",1
"17",47,"Republican","HS","from another country","different races","jobs",NA,NA,NA,"immigrant",1
"18",27,"Independent","HS",NA,NA,NA,"Migrants seeking asylum","Angry Republicans","Immigration reform","refugee",0
"19",58,"Republican","Undergrad",NA,NA,NA,"running to something better","Political chaos","need protecting","refugee",1
"20",33,"Republican","Some College/Trade",NA,NA,NA,"Immigrant","Helpless","Uncool","refugee",1
"21",58,"Other","HS","Boarders","Illegals","Draining are ecomany",NA,NA,NA,"immigrant",0
"22",57,"Republican","Some College/Trade","No english","Illegal","Go back to your own country",NA,NA,NA,"immigrant",1
"23",41,"Democrat","Some College/Trade","Someone not a us citizen","Foreigner","Traveler",NA,NA,NA,"immigrant",0
"24",62,"Independent","Some College/Trade",NA,NA,NA,"suffering","mercy","sad","refugee",0
"25",29,"Republican","Some College/Trade",NA,NA,NA,"People fleeing a war in their home country.","Possible terrists","Not applicable","refugee",1
"26",68,"Independent","HS",NA,NA,NA,"unfortunate","children","poor","refugee",0
"27",37,"Independent","Some College/Trade",NA,NA,NA,"The first thing that comes to mind when I hear refugee I think of immigrants.","The second thing that comes to mind when thinking of refugees is security concern.","Third thing that comes to mind is war escapee.","refugee",0
"28",68,"Independent","HS","Illegal","Freeloader","Diseases",NA,NA,NA,"immigrant",0
"29",69,"Democrat","Some College/Trade",NA,NA,NA,"Need our help","Immigrants","Want to stay here","refugee",0
"30",50,"Democrat","Undergrad","Illegal","Labor","Meltingpot",NA,NA,NA,"immigrant",0
"31",71,"Independent","HS",NA,NA,NA,"person fleeing from another country","looking to escape","none","refugee",0
"32",68,"Democrat","Undergrad",NA,NA,NA,"someone who needsn help","persecution","3rd world","refugee",0
"33",27,"Republican","HS",NA,NA,NA,"Immigrant","Needy","Stow away","refugee",1
"34",52,"Republican","HS","Illegal","Not from our country","Desperate to get help",NA,NA,NA,"immigrant",1
"35",24,"Independent","HS","Outsiders","Invaders","foreigners",NA,NA,NA,"immigrant",0
"36",49,"Democrat","HS",NA,NA,NA,"some one fleeing their country","poisoner","sad","refugee",0
"37",22,"Democrat","Some College/Trade","refugee","illegal","idk",NA,NA,NA,"immigrant",0
"38",40,"Republican","Some College/Trade",NA,NA,NA,"People that were forced to leave their country","Race religion","Violence","refugee",1
"39",20,"Democrat","Some College/Trade",NA,NA,NA,"I think of like middle easterners","Canada","The word refund","refugee",0
"40",20,"Democrat","Some College/Trade",NA,NA,NA,"Foreigner","Government","Threat","refugee",0
"41",21,"Other","HS",NA,NA,NA,"Shelter","Jobs","Deportation","refugee",0
"42",55,"Independent","HS","Overseas","Refugees","Survivors of war",NA,NA,NA,"immigrant",0
"43",41,"Independent","Some College/Trade",NA,NA,NA,"Immigrants","Excape","Freedom","refugee",0
"44",34,"Independent","HS","Mexican","2","2",NA,NA,NA,"immigrant",0
"45",65,"Democrat","HS",NA,NA,NA,"People leaving one going going to another for help","Nothing","Nothing","refugee",0
"46",55,"Republican","HS",NA,NA,NA,"Illegal","Burden","Criminal","refugee",1
"47",68,"Democrat","HS","Human","Explorer","Green card",NA,NA,NA,"immigrant",0
"48",32,"Democrat","Undergrad",NA,NA,NA,"People seeking safety elsewhere outside of their war torn country","People seeking a better life outside of their country with no intent to return to their native country","People seeking peace outside of their country","refugee",0
"49",27,"Democrat","Undergrad",NA,NA,NA,"Too many","Not fair","News","refugee",0
"50",58,"Independent","Undergrad",NA,NA,NA,"Desperate people escaping persecution","Humanitarian Crisis","Housing needs","refugee",0
"51",59,"Republican","HS","illegals","trespasser","criminal",NA,NA,NA,"immigrant",1
"52",46,"Republican","Some College/Trade","A person that goes through the right channels to legally be here.","I don't really have one. If they came here legally then they're a part of my country now.","Nothing at all.",NA,NA,NA,"immigrant",1
"53",33,"Republican","Some College/Trade","economic growth","cultural diversity","Working pressure",NA,NA,NA,"immigrant",1
"54",72,"Republican","Undergrad",NA,NA,NA,"illegal immigrants","our ability to accept them","overload of people with i sufficient funding. stop the flow","refugee",1
"55",33,"Republican","Postgrad","critical","low situations","political problems",NA,NA,NA,"immigrant",1
"56",51,"Democrat","Some College/Trade",NA,NA,NA,"No home","Better life","Nothing","refugee",0
"57",39,"Other","Some College/Trade",NA,NA,NA,"escape","flee","desperate","refugee",0
"58",57,"Democrat","Some College/Trade","Dangerous","Social security","Leave",NA,NA,NA,"immigrant",0
"59",69,"Republican","Some College/Trade",NA,NA,NA,"Coming here","No home","I don’t know","refugee",1
"60",56,"Democrat","Postgrad",NA,NA,NA,"Forced to leave their home","Immigrants",NA,"refugee",0
"61",68,"Independent","Postgrad","legal or illegal","work harder than natives","enerally have lower social status",NA,NA,NA,"immigrant",0
"62",74,"Republican","Some College/Trade",NA,NA,NA,"Must apply","Not it is time","Is background checks","refugee",1
"63",63,"Independent","Some College/Trade",NA,NA,NA,"Illegals","Drain on working people","Send them back where they came from","refugee",0
"64",41,"Republican","Some College/Trade","Extra burden on our society","They need to stqy in their own country","Nuisance",NA,NA,NA,"immigrant",1
"65",78,"Republican","Undergrad","My parents were immigrants.","Freedom","Hard working",NA,NA,NA,"immigrant",1
"66",56,"Independent","Some College/Trade","Work","Hard work","Not me",NA,NA,NA,"immigrant",0
"67",75,"Republican","Some College/Trade",NA,NA,NA,"someone entering another country to live","nothing","nothing","refugee",1
"68",43,"Independent","Undergrad","Foreign","Rough","Mean",NA,NA,NA,"immigrant",0
"69",39,"Independent","Some College/Trade","The American way","Workers","Mexicans",NA,NA,NA,"immigrant",0
"70",47,"Other","Some College/Trade",NA,NA,NA,"Jerks","Rude","Too many of them","refugee",0
"71",40,"Republican","Undergrad","Illegal Mexicans","Invasion","Deport asap",NA,NA,NA,"immigrant",1
"72",34,"Democrat","Undergrad","Seeking a new life","Cultural contributions","economic contribution",NA,NA,NA,"immigrant",0
"73",40,"Republican","Some College/Trade","Someone not from this country","Speak different language","Different race",NA,NA,NA,"immigrant",1
"74",29,"Independent","Postgrad",NA,NA,NA,"Someone fleeing war/persecution","Tragedy","Don't know","refugee",0
"75",53,"Independent","HS","People not from here","Follow policy","Steps",NA,NA,NA,"immigrant",0
"76",32,"Independent","HS",NA,NA,NA,"ecspaing war","war was about the olny thing I can think of","looking for safty","refugee",0
"77",46,"Independent","HS",NA,NA,NA,"A person who America saved from a devastating circumstance generally war in their own country. We saved from their own country","Lucky to be alive","A foreigner","refugee",0
"78",77,"Republican","Some College/Trade","Texas border","legal or illegal","self sufficient or not",NA,NA,NA,"immigrant",1
"79",22,"Independent","HS","Out","Bad","Risk",NA,NA,NA,"immigrant",0
"80",56,"Independent","Some College/Trade","illegal","foreign","poor",NA,NA,NA,"immigrant",0
"81",55,"Democrat","Some College/Trade",NA,NA,NA,"People escaping their country.","Are they good or bad.","Holding stations","refugee",0
"82",23,"Democrat","Some College/Trade","Mexican","Asian","African American",NA,NA,NA,"immigrant",0
"83",39,"Independent","Some College/Trade",NA,NA,NA,"Safrty","Poor","Needs help","refugee",0
"84",38,"Independent","HS",NA,NA,NA,"People who need help","Nothing","Norhing","refugee",0
"85",32,"Democrat","Undergrad","foreign","money","freedom",NA,NA,NA,"immigrant",0
"86",75,"Independent","Undergrad","My grandparents","Hard workers","Suppressed",NA,NA,NA,"immigrant",0
"87",69,"Democrat","Undergrad",NA,NA,NA,"Displaced people due to war, disease or natural disasters","Not a negative term","They need our help","refugee",0
"88",38,"Republican","Undergrad",NA,NA,NA,"immigrant","unsure",NA,"refugee",1
"89",50,"Democrat","HS","someone from another counrty that is wanting to live here for reasons like freedom from opression wanting better for family or maybe just to learn or someone they love is here","someone wanting asylum","none",NA,NA,NA,"immigrant",0
"90",40,"Republican","HS",NA,NA,NA,"Crazy people","You don't follow rules","Starving","refugee",1
"91",61,"Republican","Postgrad","My father was an immigrant and so were all my grandparents.","Immigrants bring strength to our country","Immigrants need to be willing to assimilate a bit more to their new country sometimes when they resist a new language or culture.",NA,NA,NA,"immigrant",1
"92",48,"Democrat","Undergrad",NA,NA,NA,"Seeking help","New beginnings","Culture","refugee",0
"93",40,"Other","HS",NA,NA,NA,"Somebody that's been a victim and looking for a better life a freedom no violence abuse etc","Neglected","Abused","refugee",0
"94",43,"Democrat","HS","Foreigners","Outsiders","Political",NA,NA,NA,"immigrant",0
"95",34,"Republican","HS",NA,NA,NA,"People on boats","Fences","Escapee","refugee",1
"96",29,"Republican","Some College/Trade",NA,NA,NA,"crime","free","crazy","refugee",1
"97",77,"Democrat","Undergrad",NA,NA,NA,"border","cost","housing","refugee",0
"98",62,"Democrat","Undergrad","Another productive citizen.","We need more immigrants if we're going to remain a great nation.","We should be welcoming immigrants, not maligning them.",NA,NA,NA,"immigrant",0
"99",41,"Republican","Some College/Trade","Illegal","Fleeing","Fear",NA,NA,NA,"immigrant",1
"100",39,"Republican","Some College/Trade","A person coming from one country to another country.","People coming into America illegally.","Illegals overtaking the country. Getting rights and help that Usa citizens need.",NA,NA,NA,"immigrant",1
"101",30,"Democrat","Some College/Trade","Person","Spanish","Hispanic",NA,NA,NA,"immigrant",0
"102",70,"Republican","Some College/Trade",NA,NA,NA,"someone  seeking a better life","who going to pay for there needs","some bring crime into this country","refugee",1
"103",20,"Independent","HS",NA,NA,NA,"Prisoners","Prison","Bad","refugee",0
"104",65,"Independent","Some College/Trade","Foreigners looking for a better life.","The people that made this country.","An invader is not a immigrant.",NA,NA,NA,"immigrant",0
"105",51,"Independent","Some College/Trade","Are they illegal","Secure the border","Overwhelmed",NA,NA,NA,"immigrant",0
"106",54,"Republican","Some College/Trade","Depends are they legal or not","Needs to be legal","Hard working",NA,NA,NA,"immigrant",1
"107",61,"Republican","Undergrad","People from another country.","Legal or illegal","Colorful clothing",NA,NA,NA,"immigrant",1
"108",48,"Democrat","Some College/Trade",NA,NA,NA,"Wet backs","Greedy","Dangerous","refugee",0
"109",53,"Republican","Some College/Trade","Not from this country","Poor","Forgotten",NA,NA,NA,"immigrant",1
"110",71,"Independent","Undergrad","Forcing themselves into this Country unwanted crooks thieves rapists murderers and child molesters,","Democrats have them here using them for Votes!","Illegals taking the best in this Country send them back!",NA,NA,NA,"immigrant",0
"111",62,"Independent","Undergrad",NA,NA,NA,"Poor","Young","Strong","refugee",0
"112",43,"Republican","Postgrad",NA,NA,NA,"Someone escaping from their problems in another country","People who are seeking asylum","A drain on my taxes","refugee",1
"113",73,"Republican","HS",NA,NA,NA,"all the people crossing our southern border","crime, drugs, and unfairness to americans","lawlessness","refugee",1
"114",21,"Independent","Some College/Trade","Mexico","China","Canada",NA,NA,NA,"immigrant",0
"115",52,"Other","Some College/Trade",NA,NA,NA,"Foreign country","War","Poor","refugee",0
"116",33,"Republican","HS",NA,NA,NA,NA,NA,NA,"refugee",1
"117",34,"Republican","Postgrad","workers","need to travel","look for a better life in another country.",NA,NA,NA,"immigrant",1
"118",61,"Democrat","Some College/Trade",NA,NA,NA,"from another country","want a better life","immigrant","refugee",0
"119",24,"Democrat","Undergrad",NA,NA,NA,"me","many","arab","refugee",0
"120",41,"Democrat","HS","Bad","To much","Illegal",NA,NA,NA,"immigrant",0
"121",60,"Republican","Some College/Trade",NA,NA,NA,"I don’t like the term refugee, it is overused. I like the terms legal immigrants and illegal immigrants","Needy","Indifferent","refugee",1
"122",46,"Republican","HS",NA,NA,NA,"Foreign citizen trying to seek refuge","Most want a handout in lieu of a handup","War","refugee",1
"123",28,"Republican","HS",NA,NA,NA,"People","Freedom","Peace","refugee",1
"124",60,"Republican","Some College/Trade",NA,NA,NA,"middle east","ukraine","venezueal","refugee",1
"125",47,"Democrat","Some College/Trade","Migrant and border crisis","illegal immigrants","taking our jobs",NA,NA,NA,"immigrant",0
"126",28,"Other","HS",NA,NA,NA,"A vulnerable person that needs help","A lost person with no home","Someone in fear in need of resources","refugee",0
"127",41,"Republican","Postgrad","Brown","Women with head scarfs or burkas","Bad hombres from Mexico",NA,NA,NA,"immigrant",1
"128",44,"Republican","Some College/Trade","Illegally","Illegally crossing","Debt",NA,NA,NA,"immigrant",1
"129",56,"Democrat","Some College/Trade",NA,NA,NA,"unstable","they want freedom. they want free stuff from our country","troublemakers","refugee",0
"130",77,"Other","HS",NA,NA,NA,"More People Coming Into The USA","We Will Need To Spend MORE Money","Nothing","refugee",0
"131",29,"Republican","Some College/Trade",NA,NA,NA,"someone that had to flee their home because it is no longer safe to raise a family there","people desperate to live a peaceful life","people with very little because most of it was left behind","refugee",1
"132",21,"Independent","Some College/Trade",NA,NA,NA,"People in need","Desperate","Empathy","refugee",0
"133",25,"Democrat","Undergrad","Undocumented/non-citizens from other countries","Mexicans","N/a",NA,NA,NA,"immigrant",0
"134",34,"Independent","HS",NA,NA,NA,"Somali pirate","Guatemala","Cambodian","refugee",0
"135",74,"Independent","Some College/Trade","Illegal","Hard-working","Sad",NA,NA,NA,"immigrant",0
"136",57,"Independent","Undergrad","Border","Other countries","Welfare",NA,NA,NA,"immigrant",0
"137",20,"Independent","HS",NA,NA,NA,"People escaping to be free","Trauma","Life threatening","refugee",0
"138",32,"Republican","Postgrad",NA,NA,NA,"Need","Help","Security","refugee",1
"139",22,"Democrat","HS",NA,NA,NA,"People forced out of where they live due to war or other hardship","How difficult it must be to be a refugee","How long a refugee usually stays a refugee","refugee",0
"140",38,"Democrat","Some College/Trade","fiscal","cultural conflict","Social service demand",NA,NA,NA,"immigrant",0
"141",24,"Democrat","HS","human","important","special",NA,NA,NA,"immigrant",0
"142",64,"Republican","Some College/Trade","my opinion and answer has changed cause the term to changed. It used to be that the term meant the ones that were migrating over the correct legal way and now they link both the illigals and the legal into the term migrants","legal immigrants - great/ illigals - get out and try again the right way","none",NA,NA,NA,"immigrant",1
"143",30,"Independent","Undergrad",NA,NA,NA,"War refugee","Someone that needs help","Needing shelter","refugee",0
"144",34,"Independent","HS",NA,NA,NA,"People are trying to flee their own countries","Trying to get away from war in their own countries","People that need help","refugee",0
"145",21,"Independent","Some College/Trade",NA,NA,NA,"someone seeking refuge","nothing","??","refugee",0
"146",69,"Democrat","Undergrad",NA,NA,NA,"My grandma and her family fleeing pogroms in Poland.","All the people fleeing their homelands to find a better life for themselves and their family members","A very brave person who leaves everything they know behind to try to find a better life in a strange new land.","refugee",0
"147",37,"Independent","Postgrad",NA,NA,NA,"Someone escaping terrible conditions in hope of a better life","Governments need to do more","Divisive policy","refugee",0
"148",34,"Republican","Some College/Trade",NA,NA,NA,"War","Starving people","Women struggling","refugee",1
"149",74,"Democrat","Postgrad",NA,NA,NA,"Oppressed","Endangered","Persecuted","refugee",0
"150",46,"Republican","Undergrad",NA,NA,NA,"People fleeing their countries because of different conflicts","People who want a chance to become a citizen in a better country.","Immigrant","refugee",1
"151",59,"Democrat","Undergrad","Homeless no jos , violence  in their country","extreme poverty.","The time it takes to become a citizen",NA,NA,NA,"immigrant",0
"152",39,"Republican","Undergrad",NA,NA,NA,"Should be someone escaping war, persecution in their own country,  but not anymore.","Many illegals using this term to get through the system.","Illegals","refugee",1
"153",38,"Independent","Some College/Trade",NA,NA,NA,"Foreigner","Escape","Possible hooker. I should ask for a bj","refugee",0
"154",76,"Republican","Undergrad",NA,NA,NA,"illegals","unskilled","law breaker","refugee",1
"155",43,"Republican","Undergrad","Over populated","Taking jobs","More money spent",NA,NA,NA,"immigrant",1
"156",37,"Independent","Some College/Trade","Illegal","Legal","Foreign",NA,NA,NA,"immigrant",0
"157",75,"Republican","Some College/Trade",NA,NA,NA,"a person entering this country from another country","migrant","asylum","refugee",1
"158",46,"Republican","HS","Foreign","Illegal","Bad",NA,NA,NA,"immigrant",1
"159",69,"Republican","Undergrad","The border","Illegal","Freebies",NA,NA,NA,"immigrant",1
"160",65,"Independent","Some College/Trade","Foreigner","Trouble","Illegal",NA,NA,NA,"immigrant",0
"161",49,"Republican","HS","Joe Biden getting free vptes","How the economy is suffering","Jobs lost to illegal immigrants",NA,NA,NA,"immigrant",1
"162",19,"Democrat","Some College/Trade","Me","Chance","Inequality",NA,NA,NA,"immigrant",0
"163",39,"Democrat","Undergrad",NA,NA,NA,"a person/s fleeing a country for negative reasons (war, violence, etc.)","immigrant","foreign","refugee",0
"164",46,"Republican","Undergrad",NA,NA,NA,"Lost their home","In need","Terrorist in hiding","refugee",1
"165",25,"Democrat","Postgrad","Asylum","Mexico","Melting pot",NA,NA,NA,"immigrant",0
"166",27,"Democrat","Some College/Trade",NA,NA,NA,"Someone fleeing their country for safety","Someone wanting to seek asylum","Someone who wants to live in our country with our rights","refugee",0
"167",54,"Republican","Postgrad","People","Nothing","Nothing",NA,NA,NA,"immigrant",1
"168",45,"Democrat","HS",NA,NA,NA,"saved","saved","rescued","refugee",0
"169",36,"Independent","HS","Alien","Outsider","Nothing",NA,NA,NA,"immigrant",0
"170",58,"Independent","Some College/Trade",NA,NA,NA,"More govt spending, less safety on the streets.","People got a raw deal and now need help from the U.S.","Why didn't we finish building the dam wall","refugee",0
"171",33,"Democrat","Undergrad",NA,NA,NA,"Someone fleeing from their home land","Traveler","None","refugee",0
"172",29,"Republican","Postgrad","Moving from another country","Legality","Resources",NA,NA,NA,"immigrant",1
"173",33,"Democrat","Some College/Trade","People who need to get across for their humanity right sources.","Being able to be part of a community lifestyle.","People who want to become free from every problem in the world.",NA,NA,NA,"immigrant",0
"174",56,"Independent","Undergrad","Less fortunate","Gratitude for what I have","Sympathy",NA,NA,NA,"immigrant",0
"175",24,"Independent","Some College/Trade","From somewhere else","Foreign","Immigrant",NA,NA,NA,"immigrant",0
"176",64,"Independent","Some College/Trade",NA,NA,NA,"cost","trouble","cost","refugee",0
"177",44,"Independent","HS","Foreigners","Ukrainians","Mexico",NA,NA,NA,"immigrant",0
"178",22,"Independent","Some College/Trade","Foreign","Person from another country","People looking for a better life",NA,NA,NA,"immigrant",0
"179",65,"Democrat","HS","Someone who comes here from another country, usually to seek out a better life for themselves and their families.","I think about how hard the U.S. makes it for people to legally immigrate here, leaving MANY with no pathway at all to ever become a legal citizen.","How divided the country is in terms of immigration.",NA,NA,NA,"immigrant",0
"180",32,"Independent","Some College/Trade","The birder crisis and all the people stuck in ICE camps","Laws need to be changed and adjusted.","Poor peoplw suffering at the camps",NA,NA,NA,"immigrant",0
"181",24,"Republican","Some College/Trade",NA,NA,NA,"Fleeting","Help","Needy","refugee",1
"182",23,"Republican","Some College/Trade",NA,NA,NA,"fleeing from their country","camps","unfortunate","refugee",1
"183",41,"Independent","Some College/Trade",NA,NA,NA,"the border","war","the social safety net","refugee",0
"184",27,"Republican","Some College/Trade","South America/Mexico","Europe","Middle East",NA,NA,NA,"immigrant",1
"185",60,"Independent","Some College/Trade",NA,NA,NA,"criminals","criminals","criminals","refugee",0
"186",63,"Democrat","HS","Someone who was not born in the United States.","People who illegally cross over the border.","Crime",NA,NA,NA,"immigrant",0
"187",51,"Democrat","Undergrad",NA,NA,NA,"A person that fears for economic or political life","Needs refuge","Needs help","refugee",0
"188",47,"Republican","HS","Illegal","Alien","N/A",NA,NA,NA,"immigrant",1
"189",40,"Other","Postgrad",NA,NA,NA,"Pain","Immigrants issues","Disgust at governments","refugee",0
"190",26,"Independent","HS","I'm not sure","I'm not sure","I'm not sure",NA,NA,NA,"immigrant",0
"191",49,"Republican","Some College/Trade",NA,NA,NA,"Sadness","Help","Discrimination","refugee",1
"192",60,"Independent","Some College/Trade","People","different country","culture",NA,NA,NA,"immigrant",0
"193",30,"Independent","Some College/Trade",NA,NA,NA,"People in need of sanctuary","My friends","That boat movie","refugee",0
"194",59,"Democrat","HS","foreigner in the united states","people of spanish decent","illegal people in the united states",NA,NA,NA,"immigrant",0
"195",72,"Democrat","Undergrad","people looking for a better life","people who have language barriers","adding to cultural diversity in the communities",NA,NA,NA,"immigrant",0
"196",22,"Independent","Some College/Trade",NA,NA,NA,"War","People calling economic migrants refugees","Illegal immigrants","refugee",0
"197",53,"Independent","Some College/Trade",NA,NA,NA,"People trying to be safe","Children","Danger at their home","refugee",0
"198",48,"Democrat","Some College/Trade",NA,NA,NA,"Undocumented","Free US money","Deport","refugee",0
"199",53,"Republican","Some College/Trade","People coming to this country legally from another country to live.","Someone who has left their country to live in another for some reason.","Someone with a different culture and perspective than mine.",NA,NA,NA,"immigrant",1
"200",29,"Republican","Undergrad","Illegal immigrant","Mexican border/wall","Other countries",NA,NA,NA,"immigrant",1
